{
   "id": "5710453d-a8fa-40c3-9113-bd5c835ba432",
   "results": [
      {
         "index": 3,
         "relevance_score": 0.9871788
      },
      {
         "index": 1,
         "relevance_score": 0.2991052
      },
      {
         "index": 5,
         "relevance_score": 0.2746431
      }
   ]
 }
