{
   "id": "89cf3111-709b-455c-91b7-e3de40d07552",
	"results": [
		{
			"index": 3,
			"relevance_score": 0.9999995
		},
		{
			"index": 0,
			"relevance_score": 0.9999587
		},
		{
			"index": 2,
			"relevance_score": 0.8991214
		}
	]
}
